{
    "0": {
        "q_alpha": 0.008947947703890052,
        "q_beta": 1.000193931870165
    },
    "1": {
        "q_alpha": 8.113523026439117e-05,
        "q_beta": 201.2940525099883
    },
    "2": {
        "q_alpha": 1.0,
        "q_beta": 0.03952838785118244
    },
    "3": {
        "q_alpha": 0.32229985104885983,
        "q_beta": 0.14861907478275743
    },
    "4": {
        "q_alpha": 0.6012285482070175,
        "q_beta": 0.06404671730071446
    },
    "5": {
        "q_alpha": 0.0001561560668769871,
        "q_beta": 891.4026888779659
    }
}