{
    "0": {
        "vs_alpha_plus": 0.03280308919968338,
        "vs_alpha_minus": 0.0001662969672310445,
        "vs_beta": 115.71403625745573,
        "vs_w": 0.010538861232577978
    },
    "1": {
        "vs_alpha_plus": 0.006313275757886663,
        "vs_alpha_minus": 0.1838745649158682,
        "vs_beta": 6.02028104129905,
        "vs_w": 0.9660615242736125
    },
    "2": {
        "vs_alpha_plus": 0.017216589453294285,
        "vs_alpha_minus": 0.014627869039784648,
        "vs_beta": 2.0584608708565533,
        "vs_w": 0.5318517133092335
    },
    "3": {
        "vs_alpha_plus": 0.0461173898495236,
        "vs_alpha_minus": 0.07125621767210487,
        "vs_beta": 1.835651916092588,
        "vs_w": 0.7346340671815117
    },
    "4": {
        "vs_alpha_plus": 0.005049337192970581,
        "vs_alpha_minus": 0.0006932308063096364,
        "vs_beta": 18.10855384718254,
        "vs_w": 0.31910951036566526
    }
}